CUST_ID,NAME,CITY,TIER,ORDER_ID,AMOUNT,ORDER_DATE,MATCH_FLAG
1,ACME CORPORATION,BRISBANE,GOLD,2001,500.0,2026-06-30,MATCHED
2,BOLT LTD,SYDNEY,SILVER,2002,125.25,2026-07-31,MATCHED
3,CINDER WORKS,PERTH,BRONZE,2003,75.0,2026-08-31,MATCHED
4,DELTA PTY,HOBART,GOLD,\N,\N,\N,NO_ORDERS
5,,DARWIN,SILVER,2006,1100.0,2026-03-31,MATCHED
6,ECHO SUPPLIES,ADELAIDE,BRONZE,2004,410.0,2026-09-30,MATCHED
7,PRIOR RUN CO,GEELONG,GOLD,900,12.0,2026-07-31,MATCHED
8,OLD ORPHAN,\N,\N,901,5.0,2026-07-31,ORPHAN
99,\N,\N,\N,2005,60.0,2026-08-31,ORPHAN
